{
    "threshold": 0.2,
    "micro F1:": 0.4224983140530165,
    "macro F1:": 0.3163295404226659,
    "hamming Loss:": 0.05107283929661013
}